Accuracy,Loss,Classification_Loss,Robustness_Loss,Concept_Loss,Step
0.125,3.4257071018218994,2.301656723022461,6.806493282318115,1.1233696937561035,1
0.6150000095367432,2.0268049240112305,1.1946122646331787,53.436622619628906,0.8268489837646484,101
0.8050000071525574,1.3716392517089844,0.5710340142250061,71.69654846191406,0.7934355735778809,201
