Accuracy,Loss,Classification_Loss,Robustness_Loss,Concept_Loss,Step
0.9360000014305114,0.9709475000699361,0.21753735591967902,0.0,0.753410142660141,270
0.9368333101272583,0.9716547310352326,0.21926587000489234,0.0,0.7523888568083446,270
0.9368333101272583,0.9718713363011678,0.21945053761204084,0.0,0.7524207989374797,270
0.9368333101272583,0.9717738886674245,0.21939657678206761,0.0,0.7523773113886515,270
0.958166644970576,0.858380792538325,0.14902878999710084,0.0,0.7093520025412242,540
0.9646666407585144,0.805571585893631,0.12065354399383069,0.0,0.6849180420239767,810
0.9708333015441895,0.7687544584274292,0.10399469366918007,0.0,0.6647597670555114,1080
0.9741666336854299,0.7462107559045156,0.09565678791453441,0.0,0.6505539655685425,1350
