Accuracy,Loss,Classification_Loss,Robustness_Loss,Concept_Loss,Step
0.9360000014305114,0.9709475000699361,0.21753735591967902,0.0,0.753410142660141,270
